person_id,id,name,character,role
147,tm106607,Todd Barbee,Charlie Brown / Schroeder (voice),ACTOR
523059,tm106607,Melanie Kohn,Lucy van Pelt (voice),ACTOR
218207,tm106607,Stephen Shea,Linus van Pelt (voice),ACTOR
218726,tm106607,Linda Ercoli,Patricia 'Peppermint Patty' Reichardt (voice),ACTOR
523060,tm106607,Lynn Mortensen,Sally Brown / Violet / Frieda (voice),ACTOR
524248,tm106607,Jimmy Ahrens,Marcie (voice),ACTOR
149,tm106607,Bill Melendez,Snoopy / Woodstock (voice) (uncredited),ACTOR
54408,tm106607,Phil Roman,,DIRECTOR
96408,tm1300,Ann Altieri,Frieda (voice),ACTOR
96409,tm1300,Chris Doran,Schroeder / Shermy (voice),ACTOR
96410,tm1300,Sally Dryer,Violet (voice),ACTOR
149,tm1300,Bill Melendez,Snoopy (voice),ACTOR
96411,tm1300,Karen Mendelson,Patty (voice),ACTOR
96412,tm1300,Geoffrey Ornstein,Pig-Pen (voice),ACTOR
96413,tm1300,Peter Robbins,Charlie Brown (voice),ACTOR
96414,tm1300,Tracy Stratford,Lucy Van Pelt (voice),ACTOR
96415,tm1300,Cathy Steinberg,Sally Brown (voice),ACTOR
96416,tm1300,Christopher Shea,Linus Van Pelt (voice),ACTOR
149,tm1300,Bill Melendez,,DIRECTOR
96416,tm71152,Christopher Shea,Linus Van Pelt (voice),ACTOR
96413,tm71152,Peter Robbins,Charlie Brown (voice),ACTOR
96410,tm71152,Sally Dryer,Lucy Van Pelt (voice),ACTOR
149,tm71152,Bill Melendez,Snoopy (voice),ACTOR
96415,tm71152,Cathy Steinberg,Sally Brown (voice),ACTOR
96408,tm71152,Ann Altieri,Frieda / Violet (voice),ACTOR
537139,tm71152,Gail DeFaria,Pigpen (voice),ACTOR
540390,tm71152,Lisa DeFaria,Patty (voice),ACTOR
540391,tm71152,Glenn Mendelson,Schroeder / Shermy (voice),ACTOR
149,tm71152,Bill Melendez,,DIRECTOR
147,tm2562,Todd Barbee,Charlie Brown (voice),ACTOR
218206,tm2562,Robin Kohn,Lucy van Pelt (voice),ACTOR
218207,tm2562,Stephen Shea,Linus van Pelt (voice),ACTOR
146,tm2562,Christopher DeFaria,Patricia 'Peppermint Patty' Reichardt (voice),ACTOR
218725,tm2562,Hilary Momberger-Powers,Sally Brown (voice),ACTOR
524248,tm2562,Jimmy Ahrens,Marcie (voice),ACTOR
1272542,tm2562,Robin Reed,Franklin (voice),ACTOR
253690,tm2562,Vince Guaraldi,Little Birdie Singer (voice) (uncredited),ACTOR
149,tm2562,Bill Melendez,Snoopy / Woodstock (voice) (uncredited),ACTOR
54408,tm2562,Phil Roman,,DIRECTOR
149,tm2562,Bill Melendez,,DIRECTOR
439353,tm125274,Duncan Watson,Charlie Brown (voice),ACTOR
218207,tm125274,Stephen Shea,Linus van Pelt (voice),ACTOR
523059,tm125274,Melanie Kohn,Lucy van Pelt (voice),ACTOR
199826,tm125274,Greg Felton,Schroeder (voice),ACTOR
523060,tm125274,Lynn Mortensen,Sally Brown (voice),ACTOR
218726,tm125274,Linda Ercoli,Violet / Frieda (voice),ACTOR
149,tm125274,Bill Melendez,Snoopy / Woodstock (voice),ACTOR
54408,tm125274,Phil Roman,,DIRECTOR
25701,ts5136,Jerry Nelson,Gobo Fraggle / Marjory the Trash Heap / Pa Gorg / Uncle Gobo Fraggle / Mervin Merggle / Fishface / Parrot / Architect Doozer / Feenie Fraggle / Radio Announcers (voice),ACTOR
15756,ts5136,Steve Whitmire,Wembley Fraggle / Sprocket the Dog / Mermer Merggle / Crusty Doozer / Venerable Sage Hambo / Murray the Minstrel / Flange Doozer / Sir Blunderbrain / Club Member #3 (voice),ACTOR
82092,ts5136,Karen Prell,Red Fraggle / Balsam the Minstrel / Wingnut Doozer / Judge Gaval Fraggle / Marly Fraggle / Gorg's Killer Souffle / Wingnut Fraggle / Fluffinella / Modem Doozer / The Beast / Baby Tree Creature (voice),ACTOR
15758,ts5136,Dave Goelz,"Boober / Uncle ""Traveling"" Matt / Side Bottom / The World's Oldest Fraggle (voice)",ACTOR
32615,ts5136,Kathryn Mullen,Mokey Fraggle / Cotterpin Dozer / Crosscut Doozer / Merboo Merggle / Rock Hockey Hannah / Wimple Fraggle / The Old Gypsy Lady / Sally Spotless / Tammy Shrub / Baby Doozer / Doozer #2 (voice),ACTOR
40308,ts5136,Gerard Parkes,Doc,ACTOR
86161,ts5136,Bob Stutt,Muppet Performer / Felix the Fearless / Wandering McMooch / Last of the Lily Creatures / The Avalanche Monster / Bigmouth Fraggle (voice),ACTOR
25702,ts5136,Richard Hunt,Junior Gorg (himself) / Gunge / Mudwell the Mudbunny / Herkimer Fraggle / The Spiderfly / Gillis Fraggle / Turbo / The Genie / Purple Fragglette / Fire Chief Fraggle / Flex Doozer / Background Fraggles (voice),ACTOR
32002,tm115354,Chad Allen,Charlie Brown (voice),ACTOR
475391,tm115354,Kristie Baker,Peppermint Patty (voice),ACTOR
494018,tm115354,Melissa Guzzi,Lucy van Pelt (voice),ACTOR
494019,tm115354,Aron Mandelbaum,Schroeder (voice),ACTOR
53263,tm115354,Jeremy Miller,Linus van Pelt (voice),ACTOR
494020,tm115354,Jason Mendelson,Marcie (voice),ACTOR
494021,tm115354,Elizabeth Lyn Fraser,Sally Brown (voice),ACTOR
149,tm115354,Bill Melendez,Snoopy / Woodstock (voice) (uncredited),ACTOR
483151,tm115354,Sam Jaimes,,DIRECTOR
149,tm115354,Bill Melendez,,DIRECTOR
473809,tm125504,Jamie E. Smith,Charlie Brown (voice),ACTOR
466704,tm125504,John Christian Graas,Linus Van Pelt (voice),ACTOR
5977,tm125504,Marnette Patterson,Lucy Van Pelt / Frieda (voice),ACTOR
473810,tm125504,Mindy Ann Martin,Sally Brown (voice),ACTOR
473811,tm125504,Phillip Lucier,Peppermint Patty (voice),ACTOR
473812,tm125504,Lindsay Benesh,Marcie / Patty (voice),ACTOR
2097158,tm125504,Deanna Tello,Peggy Jean / Violet (voice),ACTOR
2097334,tm125504,Matthew Slowik,Harold Angel (voice),ACTOR
478279,tm125504,Brittany Thornton,Additional voices (voice),ACTOR
149,tm125504,Bill Melendez,Snoopy / Woodstock (voice),ACTOR
53400,tm125504,Jodie Sweetin,Sally Brown (voice),ACTOR
149,tm125504,Bill Melendez,,DIRECTOR
733,ts31643,Ewan McGregor,Himself,ACTOR
100262,ts31643,Charley Boorman,Himself,ACTOR
103160,ts31643,Russ Malkin,,DIRECTOR
32095,ts31643,David Alexanian,,DIRECTOR
100262,ts22073,Charley Boorman,Himself,ACTOR
733,ts22073,Ewan McGregor,Himself,ACTOR
32095,ts22073,David Alexanian,,DIRECTOR
103160,ts22073,Russ Malkin,,DIRECTOR
16206,ts224087,Jason Sudeikis,Ted Lasso,ACTOR
645697,ts224087,Hannah Waddingham,Rebecca Welton,ACTOR
5315,ts224087,Juno Temple,Keeley Jones,ACTOR
17772,ts224087,Jeremy Swift,Leslie Higgins,ACTOR
45595,ts224087,Phil Dunster,Jamie Tartt,ACTOR
94688,ts224087,Brett Goldstein,Roy Kent,ACTOR
1013835,ts224087,Brendan Hunt,Coach Beard,ACTOR
76730,ts224087,Nick Mohammed,Nathan Shelley,ACTOR
76286,ts224087,Sarah Niles,Dr. Sharon Fieldstone,ACTOR
308513,ts237817,Niv Sultan,Tamar Rabinyan,ACTOR
595281,ts237817,Shaun Toub,Faraz Kamali,ACTOR
795056,ts237817,Shervin Alenabi,Milad,ACTOR
20488,ts237817,Glenn Close,Marjan Montazeri,ACTOR
6429,ts89431,Joel Kinnaman,Ed Baldwin,ACTOR
54308,ts89431,Wrenn Schmidt,Margo Madison,ACTOR
25646,ts89431,Shantel VanSanten,Karen Baldwin,ACTOR
113516,ts89431,Jodi Balfour,Ellen Wilson,ACTOR
36920,ts89431,Sonya Walger,Molly Cobb,ACTOR
714086,ts89431,Krys Marshall,Danielle Poole,ACTOR
158445,ts89431,Cynthy Wu,Kelly Baldwin,ACTOR
894975,ts89431,Casey Johnson,Danny Stevens,ACTOR
264605,ts89431,Coral Peña,Aleida Rosales,ACTOR
9765,ts89431,Edi Gathegi,Dev Ayesa,ACTOR
8955,ts222358,Jennifer Aniston,Alex Levy,ACTOR
13923,ts222358,Reese Witherspoon,Bradley Jackson,ACTOR
3358,ts222358,Billy Crudup,Cory Ellison,ACTOR
22191,ts222358,Mark Duplass,Charlie 'Chip' Black,ACTOR
7106,ts222358,Greta Lee,Stella Bak,ACTOR
44919,ts222358,Nestor Carbonell,Yanko Flores,ACTOR
18625,ts222358,Julianna Margulies,Laura Peterson,ACTOR
79818,ts222358,Karen Pittman,Mia Jordan,ACTOR
30424,ts222358,Desean Terry,Daniel Henderson,ACTOR
615952,ts222358,Ruairi O'Connor,Ty Fitzgerald,ACTOR
2718,tm408218,Tom Hanks,Commander Krause,ACTOR
4491,tm408218,Stephen Graham,Charlie Cole,ACTOR
54245,tm408218,Rob Morgan,Cleveland,ACTOR
19703,tm408218,Josh Wiggins,Talker #1,ACTOR
973431,tm408218,Tom Brittney,Lt. Watson,ACTOR
8311,tm408218,Elisabeth Shue,Evelyn,ACTOR
133043,tm408218,Will Pullen,Talker #3,ACTOR
83326,tm408218,Manuel Garcia-Rulfo,Lopez,ACTOR
25555,tm408218,Karl Glusman,Eppstein,ACTOR
5366,tm408218,Chet Hanks,Bushnell,ACTOR
594926,tm408218,Jimi Stanton,Lt. Harbutt,ACTOR
1494763,tm408218,Matt Helm,Lt. Nystrom,ACTOR
115691,tm408218,Devin Druid,Wallace,ACTOR
43571,tm408218,Craig Tate,Pitts,ACTOR
1522489,tm408218,Travis Quentin,Ipsen,ACTOR
1522488,tm408218,Jeff Burkes,Shannon,ACTOR
109738,tm408218,Matthew Zuk,Flusser,ACTOR
590031,tm408218,Joseph Poliquin,Lee Helmsman #1,ACTOR
17672,tm408218,Casey Bond,Helmsman #1,ACTOR
262436,tm408218,Michael Benz,Carling,ACTOR
99866,tm408218,Grayson Russell,Signalman #1,ACTOR
24532,tm408218,Ian James Corlett,Dicky,ACTOR
125021,tm408218,Maximilian Osinski,Eagle,ACTOR
10896,tm408218,Dominic Keating,Harry,ACTOR
278993,tm408218,Dave Davis,Boatswain's Mate #1,ACTOR
109739,tm408218,Parker Wierling,Messenger #1,ACTOR
638707,tm408218,Ian Pala,Radarman,ACTOR
1522797,tm408218,Travis Przybylski,Dawson,ACTOR
281782,tm408218,Cade Burk,Starboard Lookout,ACTOR
933118,tm408218,Jesse Gallegos,Signalman #2,ACTOR
839498,tm408218,Alex Kramer,Talker #2,ACTOR
76853,tm408218,Lee Norris,Messenger #2,ACTOR
29269,tm408218,Adam Aalderks,Helmsman #2,ACTOR
886803,tm408218,Keon Motakhaveri,Lee Helmsman #2,ACTOR
1224696,tm408218,Jake Ventimiglia,Fippler,ACTOR
1522826,tm408218,Michael Carollo,Forward Lookout,ACTOR
747827,tm408218,Caleb J. Thaggard,Port Lookout,ACTOR
1524850,tm408218,John Frederick,Chief Quartermaster Frederick,ACTOR
107450,tm408218,Jeff Adler,Rudel,ACTOR
1522843,tm408218,Brandon Holubar,Bridge Lookout #1,ACTOR
1522849,tm408218,Joel Newsom,Bridge Lookout #2,ACTOR
1857,tm408218,Thomas Kretschmann,Grey Wolf (voice),ACTOR
31797,tm408218,David Maldonado,Dr. Temme,ACTOR
1146199,tm408218,Jeremy Madden,Farnsworth,ACTOR
810972,tm408218,Jon Donahue,Al,ACTOR
91761,tm408218,Aaron Schneider,,DIRECTOR
18720,ts89568,Lauren Ambrose,Dorothy Turner,ACTOR
3312,ts89568,Toby Kebbell,Sean Turner,ACTOR
4430,ts89568,Rupert Grint,Julian Pearce,ACTOR
32380,ts89568,Nell Tiger Free,Leanne Grayson,ACTOR
85176,ts287697,Rob McElhenney,Ian Grimm,ACTOR
91798,ts287697,Charlotte Nicdao,Poppy Li,ACTOR
96750,ts287697,David Hornsby,David Brittlesbee,ACTOR
32107,ts287697,Danny Pudi,Brad Bakshi,ACTOR
4609,ts287697,F. Murray Abraham,C.W. Longbottom,ACTOR
272672,ts287697,Ashly Burch,Rachel,ACTOR
242720,ts287697,Jessie Ennis,Jo,ACTOR
56600,ts287697,Imani Hakim,Dana,ACTOR
26179,ts82316,Jason Momoa,Baba Voss,ACTOR
94104,ts82316,Sylvia Hoeks,Queen Sibeth Kane,ACTOR
30441,ts82316,Hera Hilmar,Maghra,ACTOR
1203,ts82316,Christian Camargo,Tamacti Jun,ACTOR
1057386,ts82316,Archie Madekwe,Kofun,ACTOR
82220,ts82316,Nesta Cooper,Haniwa,ACTOR
839776,ts82316,Eden Epstein,Wren,ACTOR
48574,ts82316,Olivia Cheng,Charlotte,ACTOR
605289,ts82316,Hoon Lee,Toad,ACTOR
15408,ts82316,Tom Mison,Lord Harlan,ACTOR
76578,ts82316,Dave Bautista,Edo Voss,ACTOR
16934,ts82316,Alfre Woodard,Paris,ACTOR
3893,ts317072,Hailee Steinfeld,Emily Dickinson,ACTOR
10535,ts317072,Toby Huss,Edward Dickinson,ACTOR
634180,ts317072,Adrian Enscoe,Austin Dickinson,ACTOR
609068,ts317072,Anna Baryshnikov,Lavinia 'Vinnie' Dickinson,ACTOR
19248,ts317072,Ella Hunt,Sue Gilbert,ACTOR
18499,ts317072,Amanda Warren,Betty,ACTOR
602767,ts317072,Chinaza Uche,Henry,ACTOR
2324,ts317072,Jane Krakowski,Mrs. Dickinson,ACTOR
1843,ts89301,Chris Evans,Andy Barber,ACTOR
9910,ts89301,Michelle Dockery,Laurie Barber,ACTOR
4399,ts89301,Jaeden Martell,Jacob Barber,ACTOR
769625,ts89301,Jordan Alexa Davis,Sarah Grohl,ACTOR
16016,ts89301,Cherry Jones,Joanna Klein,ACTOR
22780,ts89301,Pablo Schreiber,Neal Logiudice,ACTOR
249079,ts89301,Betty Gabriel,Pam Duffy,ACTOR
85124,ts89301,Sakina Jaffrey,Lynn Canavan,ACTOR
160734,ts89301,Ben Taylor,Derek Yoo,ACTOR
15421,ts89301,Daniel Henshall,Leonard Patz,ACTOR
20327,tm314230,Honor Kneafsey,Robyn Goodfellowe (voice),ACTOR
1582873,tm314230,Eva Whittaker,Mebh MacTíre (voice),ACTOR
2323,tm314230,Sean Bean,Bill Goodfellowe (voice),ACTOR
3461,tm314230,Simon McBurney,Lord Protector Cromwell (voice),ACTOR
63575,tm314230,Tommy Tiernan,Sean Óg (voice),ACTOR
96095,tm314230,Jon Kenny,Stringy Woodcutter (voice),ACTOR
369918,tm314230,John Morton,Stumpy Woodcutter (voice),ACTOR
29953,tm314230,Maria Doyle Kennedy,Moll MacTíre (voice),ACTOR
1621843,tm314230,Oliver McGrath,Additional Voices (voice),ACTOR
861549,tm314230,Niamh Moyles,Additional Voices (voice),ACTOR
53069,tm314230,Nora Twomey,Additional Voices (voice),ACTOR
669873,tm314230,Paul Young,Additional Voices (voice),ACTOR
1862248,tm314230,Lana Ropion,,ACTOR
53068,tm314230,Tomm Moore,,DIRECTOR
656595,tm314230,Ross Stewart,,DIRECTOR
21715,tm861785,Rashida Jones,Laura,ACTOR
1676,tm861785,Bill Murray,Felix,ACTOR
12202,tm861785,Marlon Wayans,Dean,ACTOR
32355,tm861785,Jessica Henwick,Fiona,ACTOR
1942,tm861785,Jenny Slate,Vanessa,ACTOR
1602963,tm861785,Liyanna Muscat,Maya,ACTOR
784549,tm861785,Alexandra  Mary Reimer,Theo,ACTOR
784550,tm861785,Anna Reimer,Theo,ACTOR
990,tm861785,Barbara Bain,Gran,ACTOR
1044526,tm861785,Juliana Canfield,Amanda,ACTOR
1602965,tm861785,Alva Chinn,Diane,ACTOR
69094,tm861785,Mike Keller,Officer O'Callaghan,ACTOR
291075,tm861785,Musto Pelinkovicci,Musto,ACTOR
836233,tm861785,Zora Casebere,Babysitter 1,ACTOR
30969,tm861785,Melissa Errico,Music Teacher,ACTOR
1602622,tm861785,Zoe Bullock,Jenna,ACTOR
1216166,tm861785,Chase Sui Wonders,Chase,ACTOR
254615,tm861785,Elizabeth Guindi,Carla,ACTOR
94824,tm861785,Jules Willcox,Mom,ACTOR
1560062,tm861785,Ximena Lamadrid,Mandy,ACTOR
24066,tm861785,Kelly Lynch,Blonde,ACTOR
357065,tm861785,Earl Rose,Piano Player,ACTOR
1602945,tm861785,Catherine G. Blair,Cocktail Party Guest 1,ACTOR
1602947,tm861785,Anne Goldrach,Cocktail Party Guest 2,ACTOR
458141,tm861785,Waltrudis Buck,Lady 1,ACTOR
1020999,tm861785,Nancy Ozelli,Lady 2,ACTOR
1012058,tm861785,Chris Cenatiempo,Police Officer 2,ACTOR
49179,tm861785,Cliff Samara,Security Attendant,ACTOR
23089,tm861785,Natia Dune,Waitress,ACTOR
40285,tm861785,Nadia Dajani,Kelly,ACTOR
1602953,tm861785,Spice Greene,Host,ACTOR
1074081,tm861785,Grayson Eddey,Milo,ACTOR
1602955,tm861785,Charlotte D'Alessio,Model Mom,ACTOR
282652,tm861785,Kim Hill,Mom at School,ACTOR
973846,tm861785,Evangeline Young,Miss Mindy,ACTOR
1602979,tm861785,John Tropea,Guitar Player,ACTOR
4921,tm861785,Sofia Coppola,,DIRECTOR
5083,ts285617,Rafe Spall,Jason,ACTOR
97069,ts285617,Esther Smith,Nikki,ACTOR
4830,ts285617,Imelda Staunton,Penny,ACTOR
2154,ts285617,Ophelia Lovibond,Erica,ACTOR
86897,ts285617,Oliver Chris,Freddy,ACTOR
1911,ts81645,Octavia Spencer,Poppy Parnell,ACTOR
995,ts81645,Mekhi Phifer,Markus Killebrew,ACTOR
15574,ts81645,Kate Hudson,Micah Keith,ACTOR
110798,ts81645,Ron Cephas Jones,Leander 'Shreve' Scoville,ACTOR
8167,ts81645,Tracie Thoms,Desiree Scoville,ACTOR
101258,ts81645,Haneefah Wood,Cydie Scoville,ACTOR
59822,ts81645,Christopher Backus,Holt Rollins,ACTOR
24494,ts81645,Alona Tal,Ivy Abbott,ACTOR
21335,ts81645,Katherine LaNasa,Noa Havilland,ACTOR
16896,ts81645,David Lyons,Inspector Aames,ACTOR
43943,ts81645,Merle Dandridge,Zarina Killebrew,ACTOR
902693,ts81645,Mychala Lee,Trini Killebrew,ACTOR
94470,ts81645,Tami Roman,Lillian Scoville,ACTOR
2320,ts112498,Josh Gad,Birdie (voice),ACTOR
91858,ts112498,Leslie Odom Jr.,Owen (voice),ACTOR
85968,ts112498,Tituss Burgess,Cole (voice),ACTOR
230506,ts112498,Daveed Diggs,Helen (voice),ACTOR
2167,ts112498,Kathryn Hahn,Paige (voice),ACTOR
1764,ts112498,Stanley Tucci,Bitsy (voice),ACTOR
878732,ts112498,Emmy Raver-Lampman,Molly (voice),ACTOR
594933,ts128408,Brooklynn Prince,Hilde Lisko,ACTOR
5196,ts128408,Jim Sturgess,Matt Lisko,ACTOR
269455,ts128408,Abby Miller,Bridget Jensen,ACTOR
30031,ts128408,Kylie Rogers,Izzy Lisko,ACTOR
15109,ts128408,Michael Weston,"Lt. Frank Briggs, Jr.",ACTOR
1360186,ts128408,Aziza Scott,Deputy Mackenzie ‘Trip’ Johnson III,ACTOR
85192,ts128408,Joelle Carter,Principal Kim Collins,ACTOR
11328,ts128408,Louis Herthum,"Sheriff Frank Briggs, Sr.",ACTOR
23613,ts128408,Adrian Hough,Mayor Jack Fife,ACTOR
873359,ts128408,Jibrail Nantambu,Donny Davis,ACTOR
594894,ts128408,Deric McCabe,Wesley ‘Spoon’ Witherspoon,ACTOR
733,ts251860,Ewan McGregor,Self,ACTOR
100262,ts251860,Charley Boorman,Self,ACTOR
714464,ts251860,Claudio von Planta,Self,ACTOR
103160,ts251860,Russ Malkin,Self,ACTOR
32095,ts251860,David Alexanian,Self,ACTOR
34161,ts237884,Ayelet Zurer,Alice,ACTOR
305966,ts237884,Lihi Kornowski,Sophie,ACTOR
239730,ts237884,Gal Toren,David,ACTOR
279918,ts237884,Yossi Marshek,Tamir,ACTOR
89016,ts237884,Shai Avivi,Ami,ACTOR
36345,ts237884,Iris Bahr,Rita,ACTOR
977570,ts237884,Sigal Avin,,DIRECTOR
1575605,tm845534,Ben Feinstein,Self,ACTOR
1575604,tm845534,Steven Garza,Self,ACTOR
1575698,tm845534,Robert MacDougall,Self,ACTOR
1575603,tm845534,René Otero,Self,ACTOR
111694,tm845534,Jesse Moss,,DIRECTOR
111693,tm845534,Amanda McBaine,,DIRECTOR
1112,ts252837,Paul Rudd,Narrator,ACTOR
16671,tm850365,Adam Horovitz,Himself,ACTOR
66286,tm850365,Michael Diamond,Himself,ACTOR
197145,tm850365,Adam Yauch,Himself (archive footage),ACTOR
7633,tm850365,Bill Hader,Crazy Shit Voice,ACTOR
5145,tm850365,Steve Buscemi,Himself,ACTOR
8709,tm850365,Ben Stiller,Himself,ACTOR
1309,tm850365,David Cross,Himself,ACTOR
4096,tm850365,Spike Jonze,Himself (voice),ACTOR
8641,tm850365,Michael Kenneth Williams,Bob Dylan,ACTOR
1161073,tm850365,Beastie Boys,Themselves,ACTOR
4096,tm850365,Spike Jonze,,DIRECTOR
1855,tm531724,Anthony Mackie,Bernard Garrett,ACTOR
1852,tm531724,Samuel L. Jackson,Joe Morris,ACTOR
2805,tm531724,Nicholas Hoult,Matt Steiner,ACTOR
4247,tm531724,Nia Long,Eunice Garrett,ACTOR
296870,tm531724,Jessie T. Usher,Tony Jackson,ACTOR
4496,tm531724,Colm Meaney,Patrick Barker,ACTOR
26863,tm531724,Paul Ben-Victor,Donald Silverthorne,ACTOR
4419,tm531724,James DuMont,Senator McClellan,ACTOR
44702,tm531724,Taylor Black,Susie,ACTOR
1810,tm531724,Gregory Alan Williams,Britton Garrett,ACTOR
30704,tm531724,Bill Kelly,Charles Renault,ACTOR
1375419,tm531724,Jaylon Gordon,Bernard Jr. (11 Years Old),ACTOR
85257,tm531724,Michael Harney,Melvin Belli,ACTOR
31797,tm531724,David Maldonado,Bank Examiner,ACTOR
352140,tm531724,Craig Welzbacher,Deputy Comptroller Dunn,ACTOR
8941,tm531724,Chris Gann,2nd FBI Man,ACTOR
23978,tm531724,George Nolfi,,DIRECTOR
674023,ts224872,Corey Reeser,,ACTOR
1423336,ts224872,Matt Tynauer,,ACTOR
610006,ts109866,Brittany O'Grady,Bess King,ACTOR
1456556,ts109866,Kevin Valdez,Louie,ACTOR
759343,ts109866,Shalini Bathina,Prisha,ACTOR
76209,ts109866,Sean Teale,Ethan,ACTOR
813627,ts109866,Colton Ryan,Samuel,ACTOR
1154007,ts109866,Phillip Johnson Richardson,Benny,ACTOR
1015787,ts222361,Isaac Arellanes,Ruben Reyna,ACTOR
1207721,ts222361,Amadi Chapata,Chevon Redmond,ACTOR
1207722,ts222361,Hannah Levinson,Donna Palmer-Moreno,ACTOR
1207718,ts222361,Justin Sanchez,Curtis Palmer-Moreno,ACTOR
23510,ts222361,Jay Santiago,Grandpa Ernesto,ACTOR
310916,ts222361,Nicola Correia Damude,Amy Reyna,ACTOR
322,ts252865,Olivia Colman,Narrator,ACTOR
883089,ts223910,Janet Mock,Narrator,ACTOR
8660,ts223910,Margaret Cho,Narrator,ACTOR
649882,ts223910,Asia Kate Dillon,Narrator,ACTOR
13622,ts223910,Neil Patrick Harris,Narrator,ACTOR
24188,ts223910,Lena Waithe,Narrator,ACTOR
11463,ts223910,Wanda Sykes,Herself,ACTOR
49889,ts223910,Billy Porter,Himself,ACTOR
32614,ts223910,Joey Soloway,Themself,ACTOR
83357,ts223910,Laverne Cox,Herself,ACTOR
256868,ts223910,MJ Rodriguez,Herself,ACTOR
24251,ts223910,Oprah Winfrey,Herself,ACTOR
24843,ts223910,Ellen DeGeneres,Herself,ACTOR
52845,ts223910,Wilson Cruz,Himself,ACTOR
93087,ts223910,Abbi Jacobson,Herself,ACTOR
2497,ts223910,Anderson Cooper,Himself,ACTOR
6014,ts223910,Jonathan Groff,Himself,ACTOR
85457,ts223910,Sara Ramirez,Herself,ACTOR
14392,ts223910,Caitlyn Jenner,Herself,ACTOR
77406,ts223910,Ilana Glazer,Herself,ACTOR
66846,ts223910,Rufus Wainwright,Himself,ACTOR
104209,ts223910,Rachel Maddow,Herself,ACTOR
176459,ts223910,Adam Lambert,Himself,ACTOR
91511,ts223910,Andy Cohen,Himself,ACTOR
92872,ts223910,Tim Gunn,Himself,ACTOR
98339,ts223910,Candis Cayne,Herself,ACTOR
76451,ts223910,Don Lemon,Himself,ACTOR
84720,ts223910,Jesse Tyler Ferguson,Himself,ACTOR
18175,ts223910,Ryan Phillippe,Himself,ACTOR
12881,ts223910,George Takei,Himself,ACTOR
7238,ts223910,Michael Douglas,Himself,ACTOR
44398,ts223910,Lena Dunham,Herself,ACTOR
66152,ts223910,Norman Lear,Himself,ACTOR
192099,ts223910,Miss Major Griffin-Gracy,Herself,ACTOR
10362,ts223910,Dustin Lance Black,Himself,ACTOR
558697,ts223910,Robert Benevides,Himself,ACTOR
1164249,ts223910,Bob LaHendro,Himself,ACTOR
98428,ts223910,Armistead Maupin,Himself,ACTOR
1295668,ts223910,Richard Socarides,Self,ACTOR
22153,ts256068,James Sie,Stillwater (voice),ACTOR
1636748,ts256068,Eva Binder,Addy (voice),ACTOR
997329,ts256068,Tucker Chandler,Michael (voice),ACTOR
1274018,ts256068,Judah Mackey,Karl (voice),ACTOR
13240,tm916249,Werner Herzog,Self - Narrator,ACTOR
232559,tm916249,Clive Oppenheimer,Self,ACTOR
232559,tm916249,Clive Oppenheimer,,DIRECTOR
13240,tm916249,Werner Herzog,,DIRECTOR
4614,tm679434,Jeff Goldblum,Himself,ACTOR
1324,tm679434,Ron Howard,Himself,ACTOR
33029,tm679434,Sean Cullen,Peppy Announcer,ACTOR
1129452,tm679434,Isabella Leo,Lucy (voice),ACTOR
113461,tm679434,Terry McGurrin,Snoopy (voice),ACTOR
123587,tm679434,Ethan Pugiotto,Charlie Brown (voice),ACTOR
1129557,tm679434,Wyatt White,Linus (voice),ACTOR
55874,tm679434,Morgan Neville,,DIRECTOR
2134,ts255160,Tom Hiddleston,Narrator (voice),ACTOR
7275,tm432274,Chiwetel Ejiofor,Narrator,ACTOR
940992,tm432274,Mark Deeble,,DIRECTOR
1383681,tm432274,Victoria Stone,,DIRECTOR
677274,tm446414,Geraldine Viswanathan,Hala Masood,ACTOR
32761,tm446414,Jack Kilmer,Jesse Ross,ACTOR
38496,tm446414,Gabriel Luna,Mr. Lawrence,ACTOR
347903,tm446414,Purbi Joshi,Eram Masood,ACTOR
187989,tm446414,Hatta Azad Khan,Zahid,ACTOR
21907,tm446414,Anna Chlumsky,Shannon Taylor,ACTOR
172963,tm446414,Jimmy Chunga,Photographer,ACTOR
740055,tm446414,Taylor Marie Blim,Melanie,ACTOR
813809,tm446414,Charin Alvarez,Principal,ACTOR
245317,tm446414,Minhal Baig,,DIRECTOR
714214,ts216684,Hattie Kragten,Sally (voice),ACTOR
113461,ts216684,Terry McGurrin,Snoopy (voice),ACTOR
11394,ts216684,Rob Tinkler,Woodstock (voice),ACTOR
605378,ts216684,Seán Cullen,Bird Bud 1 (voice),ACTOR
84283,ts216684,Julie Lemieux,Bird Bud 2 (voice),ACTOR
140544,ts216684,Nicole Byer,C.A.R.A. (voice),ACTOR
1759774,ts216684,Tyler James Nathan,Charlie Brown (voice),ACTOR
1488854,ts216684,Christian Dal Dosso,Franklin (voice),ACTOR
1488856,ts216684,Holly Gorski,Marcie (voice),ACTOR
1129452,ts216684,Isabella Leo,Lucy (voice),ACTOR
1488855,ts216684,Isis Moore,Peppermint Patty (voice),ACTOR
1129557,ts216684,Wyatt White,Linus (voice),ACTOR
746286,ts216684,David Berni,Bird Bud 3 (voice),ACTOR
82092,ts236744,Karen Prell,Red Fraggle,ACTOR
109159,ts236744,John Tartaglia,Gobo Fraggle,ACTOR
4781,ts236744,Donna Kimball,Mokey Fraggle,ACTOR
15758,ts236744,Dave Goelz,Boober Fraggle / Travelling Matt (voice),ACTOR
652275,ts236744,Frankie Cordero,Wembley Fraggle (voice),ACTOR
24251,ts251727,Oprah Winfrey,Self - Host,ACTOR
40115,tm940705,Bruce Springsteen,Self,ACTOR
140327,tm940705,Roy Bittan,Self,ACTOR
220299,tm940705,Nils Lofgren,Self,ACTOR
169597,tm940705,Patti Scialfa,Self,ACTOR
140328,tm940705,Garry Tallent,Self,ACTOR
85512,tm940705,Steven Van Zandt,Self,ACTOR
140329,tm940705,Max Weinberg,Self,ACTOR
1618016,tm940705,Charles Giordano,Self,ACTOR
1618007,tm940705,Jake Clemons,Self,ACTOR
175889,tm940705,Thom Zimny,,DIRECTOR
24251,ts221425,Oprah Winfrey,Self - Host,ACTOR
6557,tm824584,Bryce Dallas Howard,Herself,ACTOR
1324,tm824584,Ron Howard,Himself,ACTOR
8555,tm824584,Judd Apatow,Himself,ACTOR
11615,tm824584,Jimmy Fallon,Himself,ACTOR
27645,tm824584,Andy Griffith,Himself (archive footage),ACTOR
13622,tm824584,Neil Patrick Harris,Himself,ACTOR
4889,tm824584,Ken Jeong,Himself,ACTOR
3835,tm824584,Jimmy Kimmel,Himself,ACTOR
355190,tm824584,Hasan Minhaj,Himself,ACTOR
19065,tm824584,Conan O'Brien,Himself,ACTOR
7546,tm824584,Patton Oswalt,Himself,ACTOR
1268603,tm824584,Thiago Queiroz,Himself,ACTOR
4696,tm824584,Will Smith,Himself,ACTOR
36230,tm824584,Kenan Thompson,Himself,ACTOR
6557,tm824584,Bryce Dallas Howard,,DIRECTOR
6716,tm850546,Meryl Streep,Narrator,ACTOR
2565,tm850546,Jacob Tremblay,Finn (voice),ACTOR
2144,tm850546,Chris O'Dowd,Finn's Dad (voice),ACTOR
595223,tm850546,Ruth Negga,Finn's Mum (voice),ACTOR
378136,tm850546,Rob Rackstraw,Crowd Voice (voice),ACTOR
376649,tm850546,Philip Hunt,,DIRECTOR
1423509,ts215388,Ingrid Hansen,Heart,ACTOR
45492,ts215388,Martin P. Robinson,Mr. Primm,ACTOR
109113,ts215388,Tim Lagasse,Scatter,ACTOR
271023,ts215388,Jennifer Barnhart,Jackie,ACTOR
45489,ts215388,Stephanie D'Abruzzo,Cody,ACTOR
24251,ts235703,Oprah Winfrey,Herself - Host,ACTOR
64546,tm976396,Mariah Carey,Self,ACTOR
61867,tm976396,Ariana Grande,Self,ACTOR
23080,tm976396,Jennifer Hudson,Self,ACTOR
122224,tm976396,Tiffany Haddish,Self,ACTOR
16207,tm976396,Billy Eichner,Self,ACTOR
3911,tm976396,Snoop Dogg,Self,ACTOR
427813,tm976396,Jermaine Dupri,Self,ACTOR
39451,tm976396,Misty Copeland,Self,ACTOR
751620,tm976396,Mykal-Michelle Harris,Self,ACTOR
1678399,tm976396,Moroccan Cannon,Self,ACTOR
1678380,tm976396,Monroe Cannon,Self,ACTOR
116280,tm976396,Hamish Hamilton,,DIRECTOR
22720,tm976396,Roman Coppola,,DIRECTOR
5735,ts320458,Adam Scott,Mark Scout,ACTOR
708012,ts320458,Zach Cherry,Dylan George,ACTOR
95726,ts320458,Britt Lower,Helly Riggs,ACTOR
880490,ts320458,Tramell Tillman,Seth Milchick,ACTOR
248384,ts320458,Jen Tullock,Devon,ACTOR
92156,ts320458,Dichen Lachman,Ms. Casey,ACTOR
6357,ts320458,Michael Chernus,Ricken Hale,ACTOR
4569,ts320458,John Turturro,Irving Bailiff,ACTOR
1679,ts320458,Christopher Walken,Burt Goodman,ACTOR
10122,ts320458,Patricia Arquette,Harmony Cobel,ACTOR
3269,ts131317,Gary Oldman,Jackson Lamb,ACTOR
77931,ts131317,Jack Lowden,River Cartwright,ACTOR
10812,ts131317,Kristin Scott Thomas,Diana Taverner,ACTOR
77824,ts131317,Chris Reilly,Nick Duffy,ACTOR
23953,ts251525,Elisabeth Moss,Kirby Mazrachi,ACTOR
28090,ts251525,Wagner Moura,Dan Velazquez,ACTOR
227510,ts251525,Phillipa Soo,Jin-Sook,ACTOR
43579,ts251525,Chris Chalk,Marcus,ACTOR
14490,ts251525,Amy Brenneman,Rachel,ACTOR
5360,ts251525,Jamie Bell,Harper,ACTOR
2931,ts238623,Jared Leto,Adam Neumann,ACTOR
1692,ts238623,Anne Hathaway,Rebekah Neumann,ACTOR
845534,ts238623,Kyle Marvin,Miguel McKelvey,ACTOR
32887,tm983754,Emilia Jones,Ruby Rossi,ACTOR
56062,tm983754,Marlee Matlin,Jackie Rossi,ACTOR
81563,tm983754,Troy Kotsur,Frank Rossi,ACTOR
17330,tm983754,Eugenio Derbez,Bernardo Villalobos,ACTOR
110682,tm983754,Ferdia Walsh-Peelo,Miles,ACTOR
1351842,tm983754,Daniel Durant,Leo Rossi,ACTOR
37508,tm983754,Amy Forsyth,Gertie,ACTOR
6694,tm983754,Kevin Chapman,Brady,ACTOR
79816,tm983754,John Fiore,Tony Salgado,ACTOR
5741,tm983754,Lonnie Farmer,Arthur,ACTOR
838084,tm983754,Courtland Jones,Ms. Simon,ACTOR
2030434,tm983754,Molly Beth Thomas,Audra,ACTOR
1360723,tm983754,Ayana Brown,Guidance Counselor,ACTOR
1156616,tm983754,Jason Pugatch,Doctor,ACTOR
2030824,tm983754,Kyana Fanene,Riff Girl,ACTOR
2030579,tm983754,Anilee List,Adele Girl,ACTOR
2030627,tm983754,Stone Martin,Harry Potter Boy,ACTOR
2030253,tm983754,Maeve Chapman,Shaker Girl,ACTOR
2030561,tm983754,Stephen Caliskan,Tall Boy,ACTOR
2030538,tm983754,Amanda Bradshaw,Shy Girl,ACTOR
2030765,tm983754,Bryan Sabbag,Broadway Boy,ACTOR
786767,tm983754,Kayla Caulfield,Off Key Girl,ACTOR
2030190,tm983754,Samidio DePina,Suave Boy,ACTOR
1572751,tm983754,Dominic Andersen,Bass Boy,ACTOR
715645,tm983754,Jose Guns Alves,Mondo,ACTOR
3798,tm983754,Owen Burke,Jimmy,ACTOR
852928,tm983754,Mark Pettograsso,Bar Bully,ACTOR
646567,tm983754,Tony Viveiros,Bartender,ACTOR
4148,tm983754,Armen Garo,Gio Salgado,ACTOR
2030463,tm983754,Jared Voss,John Kaufman,ACTOR
1680405,tm983754,Emilia Faucher,Misha,ACTOR
807840,tm983754,Marilyn Busch,Nina,ACTOR
14425,tm983754,Melissa McMeekin,Barb,ACTOR
5236,tm983754,Erica McDermott,Angela,ACTOR
300149,tm983754,Garrett McKechnie,Chet Turner,ACTOR
1407577,tm983754,Rebecca Gibel,Joanne Biles,ACTOR
2030819,tm983754,TJ Ciarametaro,Coast Guard Boarding Officer,ACTOR
3298,tm983754,Gary Galone,Coast Guard Officer,ACTOR
2030578,tm983754,Nikki Kim,Monitor #1,ACTOR
2030456,tm983754,Mary Ann Schaub,Monitor #2,ACTOR
2030273,tm983754,Cassandra Berta,Vocalist,ACTOR
2030553,tm983754,Sarah Clarke,Tanya,ACTOR
821631,tm983754,Rena Maliszewski,Female Jury Member,ACTOR
30788,tm983754,David Newsom,Male Jury Member,ACTOR
1680042,tm983754,Kiara Pichardo,Cashier (uncredited),ACTOR
886549,tm983754,Pamela Jayne Morgan,Shopper Woman (uncredited),ACTOR
232251,tm983754,Siân Heder,,DIRECTOR
54511,ts106816,Youn Yuh-jung,Older Sunja,ACTOR
1515964,ts106816,Kim Min-ha,Teen Sunja,ACTOR
95703,ts106816,Lee Min-ho ,Hansu,ACTOR
938051,ts106816,Jin Ha,Solomon,ACTOR
375466,ts106816,Soji Arai,Mozasu,ACTOR
2225390,ts106816,Jeong In-ji,Yangjin,ACTOR
793115,ts106816,Steven SangHyun Noh,Isak,ACTOR
177944,ts106816,Jung Eun-chae,Young Kyunghee,ACTOR
701951,ts106816,Kaho Minami,Etsuko,ACTOR
20621,ts106816,Anna Sawai,Naomi,ACTOR
15480,ts106816,Jimmi Simpson,Tom Andrews,ACTOR
1509436,ts106816,Han Jun-woo,Yoseb,ACTOR
5036,ts252747,Claire Danes,Cora Seaborne,ACTOR
2134,ts252747,Tom Hiddleston,Will Ransome,ACTOR
5419,ts252747,Frank Dillane,Dr. Luke Garrett,ACTOR
4827,ts252747,Clémence Poésy,Stella Ransome,ACTOR
177195,ts252747,Hayley Squires,Martha,ACTOR
1071913,ts252747,Jamael Westman,Dr. George Spencer,ACTOR
122224,ts251564,Tiffany Haddish,Detective Danner,ACTOR
78325,ts251564,Sam Richardson,Aniq,ACTOR
257927,ts251564,Zoe Chao,Zoe,ACTOR
6221,ts251564,Ben Schwartz,Yasper,ACTOR
41055,ts251564,Ike Barinholtz,Brett,ACTOR
77406,ts251564,Ilana Glazer,Chelsea,ACTOR
7893,ts251564,Dave Franco,Xavier,ACTOR
121379,ts251564,Jamie Demetriou,Walt,ACTOR
232374,ts251564,John Early,Detective Culp,ACTOR
17075,ts251564,Genevieve Angelson,Indigo,ACTOR
2351700,ts328446,Paul Westhead,Self,ACTOR
2351869,ts328446,Jeanie Buss,Self,ACTOR
34777,ts328446,Magic Johnson,Self,ACTOR
20051,ts328446,Shaquille O'Neal,Self,ACTOR
9783,ts328446,LL Cool J,Self,ACTOR
3835,ts328446,Jimmy Kimmel,Self,ACTOR
66895,ts328446,Dwyane Wade,Self,ACTOR
993403,ts328446,Grant Hill,Self,ACTOR
22400,ts328446,Danny Ainge,Self,ACTOR
1420073,ts328446,Michael Cooper,Self,ACTOR
919496,ts328446,Jerry West,Self,ACTOR
363737,ts328446,Byron Scott,Self,ACTOR
22388,ts328446,Larry Bird,Self,ACTOR
10366,ts328446,Kareem Abdul-Jabbar,Self,ACTOR
297493,ts328446,Pat Riley,Self,ACTOR
59976,ts328446,Barack Obama,Self,ACTOR
16706,ts328446,Arsenio Hall,Self,ACTOR
22385,ts328446,Michael Jordan,Self,ACTOR
283837,ts328446,Isiah Thomas,Self,ACTOR
929164,ts328446,Adam Silver,Self,ACTOR
31566,ts328446,Spike Lee,Self,ACTOR
22389,ts328446,Charles Barkley,Self,ACTOR
34900,ts328446,Bill Clinton,Self,ACTOR
3776,tm1035207,Denzel Washington,Macbeth,ACTOR
2275,tm1035207,Frances McDormand,Lady Macbeth,ACTOR
139996,tm1035207,Alex Hassell,Ross,ACTOR
19110,tm1035207,Bertie Carvel,Banquo,ACTOR
4825,tm1035207,Brendan Gleeson,Duncan,ACTOR
9917,tm1035207,Corey Hawkins,Macduff,ACTOR
4837,tm1035207,Harry Melling,Malcolm,ACTOR
49667,tm1035207,Miles Anderson,Lennox,ACTOR
1494763,tm1035207,Matt Helm,Donalbain,ACTOR
892486,tm1035207,Moses Ingram,Lady Macduff,ACTOR
598190,tm1035207,Kathryn Hunter,Witches / Old Man,ACTOR
25231,tm1035207,Scott Subiono,Murderer,ACTOR
232,tm1035207,Brian Thompson,Murderer,ACTOR
608610,tm1035207,Lucas Barker,Fleance,ACTOR
4679,tm1035207,Stephen Root,Porter,ACTOR
806863,tm1035207,Robert Gilbert,Angus,ACTOR
1654156,tm1035207,Ethan Hutchison,Macduff's Son,ACTOR
1280989,tm1035207,James Udom,Seyton,ACTOR
56867,tm1035207,Richard Short,Siward,ACTOR
27490,tm1035207,Sean Patrick Thomas,Monteith,ACTOR
3870,tm1035207,Ralph Ineson,Captain,ACTOR
431471,tm1035207,Jefferson Mays,Doctor,ACTOR
1410132,tm1035207,Olivia Washington,Children’s Nurse,ACTOR
1339400,tm1035207,Susan James Berger,Lady in Waiting,ACTOR
1027740,tm1035207,Wayne T. Carr,Lady Macduff’s Murderer,ACTOR
733843,tm1035207,Jacob McCarthy,Wheyface,ACTOR
63567,tm1035207,Nancy Daly,Lady Macbeth's Nurse,ACTOR
1248758,tm1035207,Kayden Alexander Koshelev,Apparition Boy,ACTOR
2100453,tm1035207,Ledger Fuller,Apparition Boy,ACTOR
1140002,tm1035207,T.K. Weaver,Apparition Boy,ACTOR
1120177,tm1035207,Edward Headington,Thane of Cawdor (uncredited),ACTOR
1654179,tm1035207,Tim Oakes,Duncan's Protector (uncredited),ACTOR
76525,tm1035207,Peter Janov,Soldier (uncredited),ACTOR
7691,tm1035207,Max Baker,Doctor (uncredited),ACTOR
1654160,tm1035207,Madison Randolph,Macduff's Daughter (uncredited),ACTOR
1654167,tm1035207,Phil DiGennaro,Demitrius (uncredited),ACTOR
2783,tm1035207,Joel Coen,,DIRECTOR
4518,ts297165,Jared Harris,Hari Seldon,ACTOR
1273703,ts297165,Lou Llobell,Gaal Dornick,ACTOR
20047,ts297165,Lee Pace,Brother Day,ACTOR
638933,ts297165,Leah Harvey,Salvor Hardin,ACTOR
38835,ts297165,Laura Birn,Demerzel,ACTOR
105600,ts297165,Terrence Mann,Brother Dusk,ACTOR
1273702,ts297165,Cassian Bilton,Brother Dawn,ACTOR
1852,ts271337,Samuel L. Jackson,Ptolemy Grey,ACTOR
228112,ts271337,Dominique Fishback,Robyn,ACTOR
14692,ts271337,Cynthia Kaye McWilliams,Sensia,ACTOR
2430,ts271337,Damon Gupton,Coydog,ACTOR
77558,ts271337,Marsha Stephanie Blake,Niecie,ACTOR
2251,ts271337,Walton Goggins,Dr. Rubin,ACTOR
20720,ts271337,Omar Benson Miller,Reggie Lloyd,ACTOR
71525,ts226608,Kunal Nayyar,Aadesh Chopra,ACTOR
122331,ts226608,Georgina Campbell,Natalie Thompson,ACTOR
85539,ts226608,Elizabeth Henstridge,Tara McAllister,ACTOR
25967,ts226608,Angel Coulby,Vanessa Okoy,ACTOR
735,ts226608,Noah Emmerich,Scott Anderson,ACTOR
56052,ts226608,Tom Rhys Harries,Eddie Walker / Liam McKenna,ACTOR
1713,ts226608,Elyes Gabel,Sean Tilson,ACTOR
13864,ts226608,Ross McCall,Owen Neilssen,ACTOR
5389,ts226608,Uma Thurman,Katherine Newman,ACTOR
84690,ts226608,Robert Glenister,Martin Copeland,ACTOR
1112,ts236914,Paul Rudd,Ike,ACTOR
1069,ts236914,Will Ferrell,Marty Markowitz,ACTOR
3292,ts236914,Robin Bartlett,Cathy,ACTOR
2167,ts236914,Kathryn Hahn,Phyllis Shapiro,ACTOR
15745,ts236914,Casey Wilson,Bonnie Herschkopf,ACTOR
17751,ts236914,Cornell Womack,Bruce,ACTOR
4577,ts289342,Golshifteh Farahani,Aneesha Malik,ACTOR
46397,ts289342,Shioli Kutsuna,Mitsuki Yamato,ACTOR
55631,ts289342,Shamier Anderson,Trevante Cole,ACTOR
709048,ts289342,Billy Barratt,Caspar Morrow,ACTOR
870682,ts289342,Firas Nassar,Ahmed Malik,ACTOR
804927,ts289342,Azhy Robertson,Luke Malik,ACTOR
2069601,ts289342,Tara Moayedi,Sarah Malik,ACTOR
1075996,ts289342,Daisuke Tsuji,Kaito Kawaguchi,ACTOR
2718,tm413096,Tom Hanks,Finch,ACTOR
15829,tm413096,Caleb Landry Jones,Jeff (voice),ACTOR
233430,tm413096,Oscar Avila,Truck Driver (Flashback),ACTOR
2613,tm413096,Lora Martinez-Cunningham,Mother (Flashback),ACTOR
779192,tm413096,Marie Wagenman,Daughter (Flashback),ACTOR
2133671,tm413096,Emily Jones,Warning System (voice),ACTOR
26374,tm413096,Miguel Sapochnik,,DIRECTOR
2170,ts224998,Keegan-Michael Key,Josh Skinner,ACTOR
4478,ts224998,Cecily Strong,Melissa Gimble,ACTOR
15921,ts224998,Fred Armisen,Reverend Howard Layton,ACTOR
24930,ts224998,Dove Cameron,Betsy McDonough,ACTOR
4330,ts224998,Jaime Camil,Doc Jorge Lopez,ACTOR
2235,ts224998,Kristin Chenoweth,Mildred Layton,ACTOR
17287,ts224998,Alan Cumming,Mayor Aloysius Menlove,ACTOR
1038027,ts224998,Ariana DeBose,Emma Tate,ACTOR
94892,ts224998,Ann Harada,Florence Menlove,ACTOR
19088,ts224998,Aaron Tveit,Danny Bailey,ACTOR
196626,tm1093800,Jenn Colella,Beverly / Annette / Others,ACTOR
938694,tm1093800,Joel Hatch,Claude / Others,ACTOR
2049516,tm1093800,Tony LePage,Kevin T. / Garth / Others,ACTOR
2049612,tm1093800,Caesar Samayoa,Kevin J. / Ali / Others,ACTOR
445303,tm1093800,Astrid Van Wieren,Beulah / Others,ACTOR
2049562,tm1093800,Petrina Bromley,Bonnie / Others,ACTOR
235950,tm1093800,Jim Walton,Nick / Others,ACTOR
2049497,tm1093800,Sharon Wheatley,Diane / Others,ACTOR
1985194,tm1093800,Emily Walton,Janice / Others,ACTOR
872946,tm1093800,Q. Smith,Hannah / Others,ACTOR
302183,tm1093800,De'Lon Grant,Bob / Others,ACTOR
400394,tm1093800,Paul Whitty,Oz / Others,ACTOR
278687,tm1093800,Christopher Ashley,,DIRECTOR
28394,ts221142,Justin Theroux,Allie Fox,ACTOR
30553,ts221142,Melissa George,Margot Fox,ACTOR
269114,ts221142,Logan Polish,Dina Fox,ACTOR
4030,ts221142,Gabriel Bateman,Charlie Fox,ACTOR
1768,tm1125299,Mahershala Ali,Cameron Turner,ACTOR
5797,tm1125299,Naomie Harris,Poppy Turner,ACTOR
109809,tm1125299,Awkwafina,Kate,ACTOR
20488,tm1125299,Glenn Close,Dr. Eve Scott,ACTOR
10534,tm1125299,Adam Beach,Dalton,ACTOR
754259,tm1125299,Lee Shorten,Rafa,ACTOR
1978844,tm1125299,Dax Rey,Hugo,ACTOR
83993,tm1125299,Nyasha Hatendi,Andre,ACTOR
905065,tm1125299,JayR Tinaco,Alex,ACTOR
53776,tm1125299,Luke Camilleri,Rob,ACTOR
1828521,tm1125299,Jessica Hayles,Julie,ACTOR
2077010,tm1125299,Mikayla Lagman,Sammy,ACTOR
2077011,tm1125299,Shema Cayden,Young Cameron,ACTOR
2263061,tm1125299,Aiden Adejuwon,Cory (Age 5),ACTOR
2263191,tm1125299,Ace LeVere,Cory (Age 2),ACTOR
254177,tm1125299,Benjamin Cleary,,DIRECTOR
11620,tm947517,Lou Reed,Self (archive footage),ACTOR
61985,tm947517,John Cale,Self,ACTOR
400414,tm947517,Sterling Morrison,Self (archive footage),ACTOR
473019,tm947517,Maureen Tucker,Self,ACTOR
150245,tm947517,Jonas Mekas,Self,ACTOR
80206,tm947517,Jonathan Richman,Self,ACTOR
21824,tm947517,John Waters,Self,ACTOR
20913,tm947517,Andy Warhol,Self (archive footage),ACTOR
394516,tm947517,Nico,Self (archive footage),ACTOR
8225,tm947517,David Bowie,Self (voice),ACTOR
1825874,tm947517,Doug Yule,Self (archive footage),ACTOR
403508,tm947517,Danny Fields,Self,ACTOR
945235,tm947517,La Monte Young,Self,ACTOR
368669,tm947517,Amy Taubin,Self,ACTOR
56288,tm947517,Allen Ginsberg,Self (archive footage),ACTOR
24563,tm947517,Mary Woronov,Self,ACTOR
945238,tm947517,Marian Zazeela,Self,ACTOR
43506,tm947517,Jackson Browne,Self,ACTOR
1681928,tm947517,Joseph Freeman,Self,ACTOR
242423,tm947517,Tony Conrad,Self (voice),ACTOR
544596,tm947517,Billy Name,Self (voice),ACTOR
47148,tm947517,Todd Haynes,,DIRECTOR
1760,ts189056,Julianne Moore,Lisey Landon,ACTOR
5255,ts189056,Clive Owen,Scott Landon,ACTOR
2250,ts189056,Jennifer Jason Leigh,Darla Debusher,ACTOR
18687,ts189056,Dane DeHaan,Jim Dooley,ACTOR
2566,ts189056,Joan Allen,Amanda Debusher,ACTOR
23972,ts288676,Jon Stewart,Self - Host,ACTOR
16720,tm984163,Justin Timberlake,Eddie Palmer,ACTOR
1714118,tm984163,Ryder Allen,Sam,ACTOR
5315,tm984163,Juno Temple,Shelly,ACTOR
722776,tm984163,Alisha Wainwright,Maggie Hayes,ACTOR
14248,tm984163,June Squibb,Vivian Palmer,ACTOR
39764,tm984163,Dean Winters,Jerry,ACTOR
28332,tm984163,Wynn Everett,Lucille Coles,ACTOR
896,tm984163,Jesse C. Boyd,Tommy Coles,ACTOR
109741,tm984163,Charmin Lee,Judge Ellen Antheem,ACTOR
31114,tm984163,Jake Brennan,Jake,ACTOR
3339,tm984163,J.D. Evermore,Principal Forbes,ACTOR
22711,tm984163,Stephen Louis Grush,Daryl Reed,ACTOR
1608,tm984163,Lance E. Nichols,Sibs,ACTOR
606491,tm984163,Stacie Davis,Social Worker,ACTOR
1714269,tm984163,Carson Minniear,Toby Reed,ACTOR
31217,tm984163,Theodus Crane,Parole Officer,ACTOR
1354227,tm984163,Hero Hunter,Boy,ACTOR
632106,tm984163,Nicholas X. Parsons,Ned,ACTOR
24160,tm984163,Ray Gaspard,Pastor,ACTOR
1714085,tm984163,Zonia Pelensky,Melissa,ACTOR
1779249,tm984163,Molly Sue Harrison,Emily,ACTOR
4412,tm984163,Dane Rhodes,Coles Senior,ACTOR
26630,tm984163,Craig Sheffer,Bartender Cosimo,ACTOR
4624,tm984163,Fisher Stevens,,DIRECTOR
17330,ts309881,Eugenio Derbez,Máximo Gallardo,ACTOR
669585,ts309881,Enrique Arrizon,Máximo Gallardo (Young),ACTOR
109319,ts309881,Raphael Alejandro,Hugo,ACTOR
787808,ts309881,Camila Perez,Julia,ACTOR
45485,ts309881,Chord Overstreet,Chad,ACTOR
2068427,ts309881,Fernando Carsa,Memo,ACTOR
6074,ts309881,Jessica Collins,Diane,ACTOR
56694,ts309881,Damián Alcázar,Don Pablo,ACTOR
26288,ts309881,Vanessa Bauche,Nora,ACTOR
2069764,ts309881,Regina Reynoso,Sara,ACTOR
102352,ts309881,Rafael Cebrian,Hector,ACTOR
128154,ts309881,Carlos Corona,Esteban,ACTOR
1125930,ts309881,Bianca Marroquín,,ACTOR
1409386,ts309881,Regina Orozco,Lupe,ACTOR
11154,ts273314,Rose Byrne,Sheila Rubin,ACTOR
101088,ts273314,Rory Scovel,Danny Rubin,ACTOR
1062096,ts273314,Dierdre Friel,Greta,ACTOR
1964,ts273314,Della Saba,Bunny,ACTOR
16739,ts273314,Lou Taylor Pucci,Tyler,ACTOR
4401,ts273314,Paul Sparks,John Breem,ACTOR
235200,ts273314,Ashley Liao,Simone,ACTOR
4549,tm470776,Tom Holland,Cherry,ACTOR
65051,tm470776,Ciara Bravo,Emily,ACTOR
368571,tm470776,Jack Reynor,Pills & Coke,ACTOR
6757,tm470776,Michael Rispoli,Tommy,ACTOR
700944,tm470776,Jeffrey Wahlberg,Jimenez,ACTOR
1660,tm470776,Forrest Goodluck,James Lightfoot,ACTOR
769242,tm470776,Michael Gandolfini,Cousin Joe,ACTOR
1198977,tm470776,Suhail Dabbach,Old Man Fatook,ACTOR
1006431,tm470776,Daniel R. Hill,Black,ACTOR
228254,tm470776,Fionn O'Shea,Arnold,ACTOR
979006,tm470776,Ola Orebiyi,Lessing,ACTOR
244280,tm470776,Sam Clemmett,Yuri,ACTOR
122440,tm470776,Kaine Zajaz,Bautista,ACTOR
955439,tm470776,Kyle Harvey,Roy,ACTOR
468879,tm470776,Ann Russo,Cherry's Mom,ACTOR
7187,tm470776,Thomas Lennon,Cherry's Dad,ACTOR
24665,tm470776,Theo Barklem-Biggs,Sgt. North,ACTOR
85151,tm470776,Pooch Hall,Sgt. Whomever,ACTOR
2493,tm470776,Jose Pablo Cantillo,Drill Sgt. Deco,ACTOR
1186055,tm470776,Zac Zedalis,Drill Sgt. Murphy,ACTOR
9373,tm470776,Damon Wayans Jr.,Drill Sgt. Masters,ACTOR
866702,tm470776,Kristopher Wente,1st Sgt. Hightower,ACTOR
99669,tm470776,Adam Long,Staff Sgt. Greene,ACTOR
86545,tm470776,Liam Garrigan,Captain,ACTOR
1433353,tm470776,Frank Blake,Seasoned Medic,ACTOR
28878,tm470776,Jeffrey Grover,Asshole Man,ACTOR
1464688,tm470776,Lisa Louise Langford,Nurse #1,ACTOR
111141,tm470776,Kelli Berglund,Madison,ACTOR
28806,tm470776,Joe Russo,Restaurant Owner,ACTOR
76109,tm470776,Tamara Austin,Vanessa,ACTOR
130879,tm470776,Alison Lani,Sheina,ACTOR
267465,tm470776,Harry Holland,Shaker Kid #1,ACTOR
1474303,tm470776,Nick Zeleznik,,ACTOR
79231,tm470776,Nicole Forester,Doctor,ACTOR
657085,tm470776,Jamie Brewer,Shelly,ACTOR
2702,tm470776,Anna Colwell,Wife,ACTOR
16797,tm470776,Bobby Schofield,Clover,ACTOR
9381,tm470776,Nelson Bonilla,Emily's Step-Father,ACTOR
1689106,tm470776,Toney Goins,Benji,ACTOR
132106,tm470776,Presciliana Esparolini,Emily's Mother,ACTOR
295688,tm470776,Craig Hurley,Cherry's Cellmate,ACTOR
43570,tm470776,Ricky Wayne,Bank Manager,ACTOR
1646495,tm470776,Stefan Johnson,Intervening Passerby,ACTOR
1636399,tm470776,Dominic Cancelliere,,ACTOR
1409369,tm470776,Robbie Cox,Paramedic,ACTOR
29893,tm470776,Jacinte Blankenship,Sleeping Wife,ACTOR
691903,tm470776,David Göbel,Pills And Coke's Father,ACTOR
980627,tm470776,Brian Andrus,Army Recruit,ACTOR
191539,tm470776,Rinska Carrasco,Jimenez's Girlfriend,ACTOR
1369576,tm470776,Mark J Clifford,Prisoner,ACTOR
700614,tm470776,Michael Cipiti,Turkish Guy,ACTOR
388929,tm470776,Matt Hudson,,ACTOR
1868439,tm470776,Arthur Koslow,Paul,ACTOR
1249831,tm470776,Chris Richards,Dog Park Husband (uncredited),ACTOR
1865235,tm470776,Kara Kimmer,Angry Woman (uncredited),ACTOR
805271,tm470776,Brett Justin Koppel,Staff Sgt Peterson (uncredited),ACTOR
227169,tm470776,Sherry Hudak,Professor (uncredited),ACTOR
227144,tm470776,Sofia Plass,Theatre Attendee (uncredited),ACTOR
340853,tm470776,Brandon Rice,Passerby (uncredited),ACTOR
1865109,tm470776,Keith Otto,Driver (uncredited),ACTOR
183619,tm470776,Ryan Czerwonko,Fatooks Waiter,ACTOR
2166459,tm470776,Ryan Cordaro,Bicycle Boy (deleted scene),ACTOR
28806,tm470776,Joe Russo,,DIRECTOR
28805,tm470776,Anthony Russo,,DIRECTOR
53512,ts94707,Lee Sun-kyun,Koh Se-won,ACTOR
179336,ts94707,Park Hee-soon,Lee Kang-mu,ACTOR
6624,ts94707,Seo Ji-hye,Lieutenant Cho,ACTOR
103961,ts94707,Lee You-young,Jung Jae-yi,ACTOR
130250,ts94707,Lee Jae-won,Hong Nam-il,ACTOR
2334349,ts94707,Cha Hee,Dr. Hahn,ACTOR
246888,ts94707,Yoo Teo,,ACTOR
3010,ts221207,Joseph Gordon-Levitt,Josh Corman,ACTOR
226800,ts221207,Arturo Castro,Victor Morales,ACTOR
887770,ts237871,Lilli Cooper,Doc,ACTOR
109159,ts237871,John Tartaglia,Gobo Fraggle (voice),ACTOR
15758,ts237871,Dave Goelz,Boober Fraggle (voice),ACTOR
82092,ts237871,Karen Prell,Red Fraggle (voice),ACTOR
4781,ts237871,Donna Kimball,Mokey Fraggle (voice),ACTOR
1973511,ts237871,Jordan Lockhart,Wembley Fraggle (voice),ACTOR
730149,ts237871,Ali Eisner,Turbo / Featured Puppeteer / Balsam / ...,ACTOR
1429860,ts237871,Andy Hayward,Pa Gorg (body) / Wrench / Featured Puppeteer / ...,ACTOR
2158104,ts317498,Eddie Gallagher,Himself,ACTOR
111245,ts317498,Jeff Zimbalist,,DIRECTOR
180215,ts317498,Doug Shultz,,DIRECTOR
8272,ts288083,Mark Ronson,Self,ACTOR
1261120,ts288083,King Princess,Self,ACTOR
1859856,ts288083,Kevin Parker,Self,ACTOR
21716,ts288083,Dave Grohl,Self,ACTOR
1161073,ts288083,Beastie Boys,Self,ACTOR
960173,ts288083,Santigold,Self,ACTOR
2314495,ts343660,Makur Maker,Self,ACTOR
78100,ts317074,O'Shea Jackson Jr.,Ike,ACTOR
369156,ts317074,Isaiah R. Hill,Jace Carson,ACTOR
36113,ts317074,Quvenzhané Wallis,Crystal,ACTOR
297155,ts317074,Shinelle Azoroh,Jenna,ACTOR
2055366,ts317074,James Bingham,Drew Murphy,ACTOR
2055365,ts317074,Ozie Nzeribe,Royale,ACTOR
88578,ts317074,Tessa Ferrer,Meg Bailey,ACTOR
729455,ts317074,Caleel Harris,Musa,ACTOR
802949,ts317074,Solomon Irama,Phil Marksby,ACTOR
33490,ts317074,Tristan Mack Wilds,Alonzo Powers,ACTOR
1534613,tm937920,Billie Eilish,Self,ACTOR
227255,tm937920,Finneas O'Connell,Self,ACTOR
100781,tm937920,Maggie Baird,Self,ACTOR
503204,tm937920,Patrick O'Connell,Self,ACTOR
32943,tm937920,Justin Bieber,Self,ACTOR
2848,tm937920,Orlando Bloom,Self,ACTOR
17286,tm937920,Katy Perry,Self,ACTOR
1296902,tm937920,Claudia Sulewski,Self,ACTOR
1819254,tm937920,Zoe Donahoe,Self,ACTOR
1825329,tm937920,Brandon 'Q' Adams,Self,ACTOR
931369,tm937920,Carlos López Estrada,Self,ACTOR
46885,tm937920,R.J. Cutler,,DIRECTOR
67388,tm1031102,David Attenborough,Narrator (voice),ACTOR
2028791,tm1031102,Bhashkar Bara,Self - Villager,ACTOR
2028812,tm1031102,Dulu Bora,Self - Conservationist,ACTOR
2028634,tm1031102,Anshul Chopra,Self - Photographer,ACTOR
2028840,tm1031102,Christine Gabriele,Self - Whale Researcher,ACTOR
2028546,tm1031102,Meghna Hazarika,Self - Conservationist,ACTOR
1579287,tm1031102,Russell MacLaughlin,Self - Wildlife Cameraman,ACTOR
2028853,tm1031102,Salim Mandela,Self - Cheetah Researcher,ACTOR
2028581,tm1031102,Janet Neilson,Self - Whale Researcher,ACTOR
2028866,tm1031102,Justin Perrault,Self - Turtle Researcher,ACTOR
2028758,tm1031102,Suzie Teerlink,Self - Whale Researcher,ACTOR
1851409,tm1031102,Tom Beard,,DIRECTOR
1759774,tm1183175,Tyler James Nathan,Charlie Brown (voice),ACTOR
113461,tm1183175,Terry McGurrin,Snoopy (voice),ACTOR
714214,tm1183175,Hattie Kragten,Sally (voice),ACTOR
11394,tm1183175,Rob Tinkler,Woodstock (voice),ACTOR
2155981,tm1183175,Lexi Perri,Peppermint Patty (voice),ACTOR
1129452,tm1183175,Isabella Leo,Lucy (voice),ACTOR
1129557,tm1183175,Wyatt White,Linus (voice),ACTOR
1488856,tm1183175,Holly Gorski,Marcie (voice),ACTOR
2156191,tm1183175,Caleb Bellavance,Franklin (voice),ACTOR
1937798,tm1183175,Natasha Nathan,Patty (voice),ACTOR
719094,tm1183175,Charlie Boyle,Violet (voice),ACTOR
707287,tm1183175,Jacob Soley,Pigpen (voice),ACTOR
1678831,tm1183175,Maya Misaljevic,Frieda (voice),ACTOR
1938015,tm1183175,Matthew Mucci,Schroeder (voice),ACTOR
862877,tm1183175,Jackson Reid,Thibault (voice),ACTOR
2155424,tm1183175,Will Bhaneja,Shermy (voice),ACTOR
1759920,tm1183175,Jacob Mazeral,Jose Peterson (voice),ACTOR
2154838,tm1183175,Lucas Nguyen,Floyd (voice),ACTOR
2312979,tm1183175,Beatrice Schneider,Lydia (voice),ACTOR
1039072,tm1183175,Maria Nash,Eudora (voice),ACTOR
2313121,tm1183175,Evan Sheppard,5 (voice),ACTOR
1959,tm1183175,Raymond S. Persi,,DIRECTOR
1759774,tm1183293,Tyler James Nathan,Charlie Brown (voice),ACTOR
113461,tm1183293,Terry McGurrin,Snoopy (voice),ACTOR
2155981,tm1183293,Lexi Perri,Peppermint Patty (voice),ACTOR
11394,tm1183293,Rob Tinkler,Woodstock / Woodstock's Mom / Woodstock Siblings (voice),ACTOR
1129452,tm1183293,Isabella Leo,Lucy (voice),ACTOR
1129557,tm1183293,Wyatt White,Linus (voice),ACTOR
714214,tm1183293,Hattie Kragten,Sally (voice),ACTOR
1488856,tm1183293,Holly Gorski,Marcie (voice),ACTOR
2156191,tm1183293,Caleb Bellavance,Franklin (voice),ACTOR
1937798,tm1183293,Natasha Nathan,Patty (voice),ACTOR
719094,tm1183293,Charlie Boyle,Violet (voice),ACTOR
707287,tm1183293,Jacob Soley,Pigpen (voice),ACTOR
1678831,tm1183293,Maya Misaljevic,Frieda (voice),ACTOR
1938015,tm1183293,Matthew Mucci,Schroeder (voice),ACTOR
41068,tm1183293,Clay Kaytis,,DIRECTOR
123587,ts255273,Ethan Pugiotto,Charlie Brown (voice),ACTOR
113461,ts255273,Terry McGurrin,Snoopy (voice),ACTOR
11394,ts255273,Rob Tinkler,Woodstock (voice),ACTOR
1488854,ts255273,Christian Dal Dosso,Franklin (voice),ACTOR
1129452,ts255273,Isabella Leo,Lucy (voice),ACTOR
1129557,ts255273,Wyatt White,Linus (voice),ACTOR
1488856,ts255273,Holly Gorski,Marcie (voice),ACTOR
714214,ts255273,Hattie Kragten,Sally (voice),ACTOR
1488855,ts255273,Isis Moore,Peppermint Patty (voice),ACTOR
1614985,ts255273,Milo Toriel-McGibbon,Rerun (voice),ACTOR
1039072,ts342889,Maria Nash,Pinecone (voice),ACTOR
1420157,ts342889,Andy Hull,Arlo (voice),ACTOR
1258030,ts342889,Chase W. Dillon,Hawthorn (voice),ACTOR
119966,ts342889,Rachel House,Gladys (voice),ACTOR
91399,ts342889,Thom Allison,Greymoon (voice),ACTOR
2003171,ts342889,Viola Abley,Annabelle (voice),ACTOR
1387834,ts342889,Alicia Richardson,Kimya (voice),ACTOR
41054,ts314123,Beanie Feldstein,Harriet M. Welsch (voice),ACTOR
8499,ts314123,Jane Lynch,Ole Golly (voice),ACTOR
13510,ts314123,Lacey Chabert,Marion Hawthorne (voice),ACTOR
25159,ts314123,Kimberly Brooks,Janie (voice),ACTOR
82540,ts314123,Crispin Freeman,Mr. Welsch / Mr. Withers (voice),ACTOR
14142,ts314123,Grey DeLisle,Mrs. Welsch (voice),ACTOR
28452,ts314123,Bumper Robinson,Mr. Horatio / Doorman (voice),ACTOR
44894,ts314123,Charlie Schlatter,Sport (voice),ACTOR
2174087,ts320389,Cece Bell,Narrator (voice),ACTOR
2174085,ts320389,Lexi Finigan,Cece / El Deafo (voice),ACTOR
2174088,ts320389,Abigail Catalano,Young Cece (voice),ACTOR
8499,ts320389,Jane Lynch,Mrs. Sinklemann (voice),ACTOR
14136,ts320389,Pamela Adlon,Mom / Spidermom (voice),ACTOR
2968,ts320389,Clancy Brown,Mr. Potts / P. Evil / Doctor (voice),ACTOR
1876142,tm1035374,Ellen Garland,Self,ACTOR
1876483,tm1035374,Michelle Fournet,Self,ACTOR
1607110,tm1035374,Drew Xanthopoulos,,DIRECTOR
12059,tm1080335,Joseph Mateo,,DIRECTOR
1173931,tm1109759,Etienne Kellici,Charlie Brown (voice),ACTOR
1129452,tm1109759,Isabella Leo,Lucy (voice),ACTOR
1129557,tm1109759,Wyatt White,Linus (voice),ACTOR
113461,tm1109759,Terry McGurrin,Snoopy (voice),ACTOR
11394,tm1109759,Rob Tinkler,Woodstock / Spike / Olaf (voice),ACTOR
2155981,tm1109759,Lexi Perri,Peppermint Patty (voice),ACTOR
714214,tm1109759,Hattie Kragten,Sally (voice),ACTOR
1488856,tm1109759,Holly Gorski,Marcie (voice),ACTOR
2156191,tm1109759,Caleb Bellavance,Franklin (voice),ACTOR
1937798,tm1109759,Natasha Nathan,Patty (voice),ACTOR
719094,tm1109759,Charlie Boyle,Violet (voice),ACTOR
707287,tm1109759,Jacob Soley,Pigpen (voice),ACTOR
1938015,tm1109759,Matthew Mucci,Schroeder (voice),ACTOR
2155424,tm1109759,Will Bhaneja,Shermy (voice),ACTOR
1759920,tm1109759,Jacob Mazeral,Jose Peterson (voice),ACTOR
2154838,tm1109759,Lucas Nguyen,Lloyd (voice),ACTOR
84285,tm1109759,Katie Griffin,Belle (voice),ACTOR
660454,tm1109759,Mark Robert Edwards,Andy (voice),ACTOR
102093,tm1109759,Cory Doran,Marbles (voice),ACTOR
2156257,tm1109759,Harley Ruznisky,Tapioca Pudding (voice),ACTOR
1678831,tm1109759,Maya Misaljevic,Frieda (voice),ACTOR
41068,tm1109759,Clay Kaytis,,DIRECTOR
24251,ts287796,Oprah Winfrey,Self,ACTOR
893802,ts287796,Prince Harry,Self,ACTOR
1680,tm1047516,Lupita Nyong'o,Narrator (voice),ACTOR
1759774,tm1047516,Tyler James Nathan,Charlie Brown (voice),ACTOR
113461,tm1047516,Terry McGurrin,Snoopy (voice),ACTOR
1129452,tm1047516,Isabella Leo,Lucy (voice),ACTOR
1488856,tm1047516,Holly Gorski,Marcie (voice),ACTOR
714214,tm1047516,Hattie Kragten,Sally (voice),ACTOR
1488855,tm1047516,Isis Moore,Peppermint Patty (voice),ACTOR
1129557,tm1047516,Wyatt White,Linus (voice),ACTOR
1488854,tm1047516,Christian Dal Dosso,Franklin (voice),ACTOR
707287,tm1047516,Jacob Soley,Pigpen (voice),ACTOR
1938015,tm1047516,Matthew Mucci,Schroeder (voice),ACTOR
1937798,tm1047516,Natasha Nathan,Patty (voice),ACTOR
719094,tm1047516,Charlie Boyle,Violet (voice),ACTOR
1499,tm1047516,Kevin Smith,Self - Filmmaker,ACTOR
47948,tm1047516,Ira Glass,Self - This American Llife,ACTOR
12216,tm1047516,Paul Feig,Self - Filmmaker,ACTOR
65628,tm1047516,Charles M. Schulz,Self - Creator of Peanuts (archive footage),ACTOR
998745,tm1047516,Keith L. Williams,Self - Actor,ACTOR
1305,tm1047516,Drew Barrymore,"Self - Actor, Producer",ACTOR
645334,tm1047516,Miya Cech,Self - Actor,ACTOR
1615031,tm1047516,Paige Braddock,Self - Cartoonist / Creative Director of Creative Associates,ACTOR
118009,tm1047516,Jean Schulz,Self - Charles Schulz's Widow,ACTOR
1325802,tm1047516,Jennifer Finney Boylan,Self - Writer,ACTOR
67807,tm1047516,Billie Jean King,Self - Tennis Champion / Activist,ACTOR
14146,tm1047516,Al Roker,Self - Journalist,ACTOR
1938247,tm1047516,Robb Armstrong,"Self - Cartoonist, Jumpstart",ACTOR
1900616,tm1047516,Chip Kidd,Self - Writer / Graphic Designer,ACTOR
1938561,tm1047516,Karen Johnson,"Self - Former Director, Charles M. Schulz Museum",ACTOR
2738,tm1047516,Noah Schnapp,Self,ACTOR
174568,tm1047516,Lynn Johnston,Self,ACTOR
34336,tm1047516,Michael Bonfiglio,,DIRECTOR
1541554,ts308042,Riley Looc,Charles Peterson,ACTOR
1803368,ts308042,Brooklynn MacKinzie,Lizzie Peterson,ACTOR
2053392,ts308042,Eric Lyon,Paul,ACTOR
1323307,ts308042,Dominique Toney,Betsy,ACTOR
4886,ts287788,Jack McBrayer,Jack,ACTOR
2052944,ts308015,Kassian Akhtar,Wolfboy (voice),ACTOR
930911,ts308015,Archie Yates,Sprout (voice),ACTOR
2052686,ts308015,Lilly Williams,Xandra (voice),ACTOR
3010,ts308015,Joseph Gordon-Levitt,Luxcraft (voice),ACTOR
527406,ts308015,Cristina Milizia,Floof (voice),ACTOR
22191,ts328195,Mark Duplass,Pretzel (voice),ACTOR
9779,ts328195,Nasim Pedrad,Greta (voice),ACTOR
668890,ts328195,Alex Jayne Go,Poppy (voice),ACTOR
1543779,ts328195,Amari McCoy,Pippa (voice),ACTOR
1959905,ts328195,Gracen Newton,Pedro (voice),ACTOR
80709,ts328195,Max Mitchell,Puck (voice),ACTOR
2022866,ts328195,Milo Stein,Paxton (voice),ACTOR
630137,ts308044,Griffin Robert Faulkner,Otis (voice),ACTOR
1600933,ts308044,Elliott Fullam,Sal (voice),ACTOR
2053460,ts308044,Katie Grober,Celeste (voice),ACTOR
2053434,ts308044,Josiah Gaffney,Louie (voice),ACTOR
2053430,ts308044,Leah Janvier,Daisy (voice),ACTOR
64546,tm1129563,Mariah Carey,Herself,ACTOR
1086876,tm1129563,Khalid,Himself,ACTOR
1340054,tm1129563,Kirk Franklin,Himself,ACTOR
730317,tm1129563,Zane Lowe,Himself,ACTOR
48746,tm1129563,Joseph Kahn,,DIRECTOR
